{
  "project_info": {
    "project_number": "244330234426",
    "firebase_url": "https://fir-project-d8f84.firebaseio.com",
    "project_id": "fir-project-d8f84",
    "storage_bucket": "fir-project-d8f84.appspot.com"
  },
  "client": [
    {
      "client_info": {
        "mobilesdk_app_id": "1:244330234426:android:2116632be4856aa5",
        "android_client_info": {
          "package_name": "com.example.murtaza.firebaseproject"
        }
      },
      "oauth_client": [
        {
          "client_id": "244330234426-1l76a202ja8nss6fpksqqd6pcpmhm4dt.apps.googleusercontent.com",
          "client_type": 1,
          "android_info": {
            "package_name": "com.example.murtaza.firebaseproject",
            "certificate_hash": "afa49be0d811dbabfbfeca6398e86f896cc80d6e"
          }
        },
        {
          "client_id": "244330234426-gt3nupqfhbjufpeegu8a6uenq28e91o6.apps.googleusercontent.com",
          "client_type": 3
        }
      ],
      "api_key": [
        {
          "current_key": "AIzaSyDRjoOvjgzSUjpSKl0n699Mdbm4Zc8CXIE"
        }
      ],
      "services": {
        "analytics_service": {
          "status": 1
        },
        "appinvite_service": {
          "status": 2,
          "other_platform_oauth_client": [
            {
              "client_id": "244330234426-gt3nupqfhbjufpeegu8a6uenq28e91o6.apps.googleusercontent.com",
              "client_type": 3
            }
          ]
        },
        "ads_service": {
          "status": 2
        }
      }
    }
  ],
  "configuration_version": "1"
}